Url,rating,IsCity,IsProfile,IsLinks,FriendCount,PhotoCount,PagesCount,FollowersCount,AlbumsCount,VideosCount,AudiosCount,OfflineDays,HasPhoto,Site,Career,Education,following_followers_ratio,following_photos_ratio,followers_photos_ratio
https://vk.com/id6673,1,1,1,0,96,13,3253,8101,1,48,72,386,1,1,0,0,0.0118504,7.3846154,623.1538462
https://vk.com/id11893,0,0,1,0,150,0,3369,1748,0,10,53,2,0,1,0,0,0.0858124,608148.202111828,299.0084740800429
https://vk.com/id24950,1,1,1,0,629,591,435,6686,5,252,0,0,1,1,0,1,0.0940772,1.0642978,11.3130288
https://vk.com/id30301,0,0,1,0,861509,8,1715,13425,0,1,0,1,1,1,0,0,64.1719926,107688.625,1678.125
https://vk.com/id40156,1,0,0,0,150,1,101,7,0,20,0,0,1,0,0,0,21.4285714,150.0,7.0
https://vk.com/id51603,0,1,1,1,455,12,2003,2224,0,0,0,766,1,0,1,1,0.2045863,37.9166667,185.3333333
https://vk.com/id61714,0,0,0,0,21,4,194,2452,0,4,28,1165,1,0,0,0,0.0085644,5.25,613.0
https://vk.com/id67889,1,1,1,0,412,72,183,970,1,52,23,0,1,1,1,1,0.4247423,5.7222222,13.4722222
https://vk.com/id99335,0,1,1,0,5679,27,1500,14913,1,2,0,5,1,0,0,1,0.3808087,210.3333333,552.3333333
https://vk.com/id99784,1,1,0,1,4346,78,1458,21668,1,0,0,7,1,0,0,0,0.2005723,55.7179487,277.7948718
https://vk.com/id139427,1,1,0,0,71507,1,625,1548,1,2482,0,1,1,0,0,0,46.1931525,71507.0,1548.0
https://vk.com/id165055,1,1,1,0,115088,440,133,259,2,679,0,0,1,0,0,0,444.3552124,261.5636364,0.5886364
https://vk.com/id170291,0,1,0,0,5359,93,2554,1253,2,131,169,35,1,0,0,0,4.2769354,57.6236559,13.4731183
https://vk.com/id174088,1,1,0,0,61509,3119,83,363,44,105,237,0,1,1,0,0,169.446281,19.7207438,0.1163835
https://vk.com/id182759,1,1,0,0,114,439,47,103,16,48,484,0,1,1,0,0,1.1067961,0.2596811,0.2346241
https://vk.com/id198385,1,1,0,1,585,107,113,231,2,158,0,1,1,0,0,0,2.5324675,5.4672897,2.1588785
https://vk.com/id202161,1,1,0,0,11502,750,90,105,6,172,1326,0,1,0,0,0,109.5428571,15.336,0.14
https://vk.com/id223282,0,0,1,0,16,17,1702,3179,2,137,265,141,1,0,0,1,0.005033,0.9411765,187.0
https://vk.com/id229160,0,1,0,0,150,30,2226,1759,0,0,0,222,1,0,0,0,0.0852757,5.0,58.6333333
https://vk.com/id246716,0,1,1,0,150,0,3002,356,0,0,0,146,1,0,0,1,0.4213483,608148.202111828,299.0084740800429
https://vk.com/id252435,0,1,1,0,150,0,2925,583,0,0,0,35,1,0,0,1,0.2572899,608148.202111828,299.0084740800429
https://vk.com/id255261,0,1,1,0,150,0,2905,269,0,1,0,164,1,0,0,1,0.5576208,608148.202111828,299.0084740800429
https://vk.com/id275440,0,1,1,0,150,0,2590,84,0,0,0,44,0,0,1,1,1.7857143,608148.202111828,299.0084740800429
https://vk.com/id285745,0,1,0,0,5885,15,3956,6056,0,40,27,333,1,0,0,0,0.9717635,392.3333333,403.7333333
https://vk.com/id289592,0,1,0,0,2755,26,4353,3943,0,0,0,801,1,1,0,0,0.6987066,105.9615385,151.6538462
https://vk.com/id290261,1,0,0,0,353,12,84,168,0,95,0,0,1,0,0,0,2.1011905,29.4166667,14.0
https://vk.com/id374138,1,1,0,0,1581,164,3086,6222,0,242,1507,1,1,0,0,0,0.2540984,9.6402439,37.9390244
https://vk.com/id375953,1,0,0,1,456,4457,246,807,53,305,1272,0,1,1,0,0,0.5650558,0.102311,0.1810635
https://vk.com/id395520,1,1,0,0,89,252,183,369,1,204,0,0,1,0,0,0,0.2411924,0.3531746,1.4642857
https://vk.com/id446429,1,1,0,0,237,32,199,874,6,90,0,0,1,1,0,0,0.271167,7.40625,27.3125
https://vk.com/id448629,1,0,0,0,261,253,247,306,6,261,0,0,1,1,0,0,0.8529412,1.0316206,1.2094862
https://vk.com/id450671,1,1,1,0,158,34,3318,2181,1,19,341,54,1,0,0,0,0.0724438,4.6470588,64.1470588
https://vk.com/id478550,1,1,0,1,3445,572,229,1596,5,879,0,0,1,0,0,0,2.1585213,6.0227273,2.7902098
https://vk.com/id489050,1,1,0,0,382,28,87,179,3,257,0,1,1,1,0,0,2.1340782,13.6428571,6.3928571
https://vk.com/id508125,1,1,1,1,341,96,472,4111,1,0,4,1,1,1,0,1,0.0829482,3.5520833,42.8229167
https://vk.com/id551478,1,1,0,1,599,452,181,494,3,1500,352,0,1,1,0,0,1.2125506,1.3252212,1.0929204
https://vk.com/id556303,1,1,0,0,122,116,12,99,2,10,0,0,1,0,0,0,1.2323232,1.0517241,0.8534483
https://vk.com/id597821,0,1,1,0,153,19,1129,1416,0,0,0,133,1,0,0,1,0.1080508,8.0526316,74.5263158
https://vk.com/id658404,0,1,0,0,41506,4,168,316,8,206,0,0,1,0,0,0,131.3481013,10376.5,79.0
https://vk.com/id667717,1,1,0,1,1564,480,358,502,9,820,0,12,1,1,0,0,3.1155378,3.2583333,1.0458333
https://vk.com/id691749,1,1,0,0,564,54,57,503,0,195,0,0,1,1,0,0,1.1212724,10.4444444,9.3148148
https://vk.com/id716567,1,0,1,0,78,127,120,578,1,19,162,25,1,0,0,0,0.1349481,0.6141732,4.5511811
https://vk.com/id722555,1,1,0,1,32150,334,134,1201,0,46,0,0,1,0,0,0,26.7693589,96.257485,3.5958084
https://vk.com/id726210,1,1,0,0,951,1,296,64,0,3,0,0,1,0,0,0,14.859375,951.0,64.0
https://vk.com/id726389,1,1,0,0,238,65,44,94,1,27,0,0,1,0,0,0,2.5319149,3.6615385,1.4461538
https://vk.com/id747867,1,1,0,1,2561,1836,646,1995,0,583,0,0,1,1,0,0,1.2837093,1.3948802,1.0866013
https://vk.com/id755185,1,1,0,0,9986,1283,417,978,4,328,0,0,1,0,0,0,10.2106339,7.7833203,0.7622759
https://vk.com/id772489,1,0,0,0,32150,2,1711,856,0,191,0,0,1,1,0,0,37.5584112,16075.0,428.0
https://vk.com/id795987,1,1,0,1,452,755,205,905,5,74,262,0,1,0,0,0,0.4994475,0.5986755,1.1986755
https://vk.com/id840639,1,1,1,1,4499,6181,229,438,37,1380,1081,0,1,1,1,1,10.2716895,0.7278757,0.0708623
https://vk.com/id881845,1,1,1,0,356,61,202,312,0,140,798,0,1,1,0,1,1.1410256,5.8360656,5.1147541
https://vk.com/id891558,1,0,0,0,98,14,340,854,1,171,0,0,1,0,0,0,0.1147541,7.0,61.0
https://vk.com/id907050,1,1,1,1,337,477,86,204,2,123,1026,0,1,0,0,1,1.6519608,0.706499,0.427673
https://vk.com/id925509,1,1,0,0,1767,4,437,651,0,100,0,0,1,0,0,0,2.7142857,441.75,162.75
https://vk.com/id955844,1,1,1,1,312,288,86,478,3,46,265,1,1,1,0,1,0.6527197,1.0833333,1.6597222
https://vk.com/id989390,0,1,0,0,1968,6,4472,499,0,50,42,48,1,0,0,0,3.9438878,328.0,83.1666667
https://vk.com/id989794,1,1,0,0,59,113,41,83,1,19,0,0,1,1,0,0,0.7108434,0.5221239,0.7345133
https://vk.com/id1010365,1,0,0,0,342,22,153,392,0,332,486,1,1,0,0,0,0.872449,15.5454545,17.8181818
https://vk.com/id1020726,1,1,0,1,356,18,136,459,0,96,0,4,1,0,0,0,0.7755991,19.7777778,25.5
https://vk.com/id1026182,1,1,1,0,2491,658,74,27,2,50,0,0,1,1,1,0,92.2592593,3.7857143,0.0410334
https://vk.com/id1026796,1,0,0,0,122,46,268,191,0,175,0,0,1,0,0,0,0.6387435,2.6521739,4.1521739
https://vk.com/id1042339,1,1,0,0,111,25,12,102,2,16,131,0,1,1,0,0,1.0882353,4.44,4.08
https://vk.com/id1048705,1,1,1,1,332,932,273,877,15,1509,319,0,1,0,1,1,0.3785633,0.3562232,0.9409871
https://vk.com/id1072765,1,1,0,1,915,297,230,1002,2,84,0,0,1,1,0,0,0.9131737,3.0808081,3.3737374
https://vk.com/id1103861,1,1,0,1,115014,1116,144,422,7,2533,0,0,1,0,0,0,272.5450237,103.0591398,0.3781362
https://vk.com/id1130100,1,1,0,0,334,38,30,95,1,135,142,1,1,0,0,0,3.5157895,8.7894737,2.5
https://vk.com/id1154243,1,1,0,0,242,25,388,368,0,15,0,0,1,0,0,0,0.6576087,9.68,14.72
https://vk.com/id1171181,1,1,1,1,77,483,189,159,14,253,1437,0,1,1,1,1,0.4842767,0.1594203,0.3291925
https://vk.com/id1185291,1,1,0,0,11507,3,972,2232,2,481,0,0,1,1,0,0,5.1554659,3835.6666667,744.0
https://vk.com/id1204097,1,1,0,0,1619,542,669,1226,3,3015,1147,0,1,0,0,0,1.3205546,2.9870849,2.2619926
https://vk.com/id1243783,1,1,0,1,531,141,150,240,10,108,584,0,1,1,0,0,2.2125,3.7659574,1.7021277
https://vk.com/id1246719,1,1,0,1,28150,48,66,218,0,203,338,15,1,0,0,0,129.1284404,586.4583333,4.5416667
https://vk.com/id1256807,1,1,0,0,475,39,140,401,1,49,188,0,1,1,0,0,1.1845387,12.1794872,10.2820513
https://vk.com/id1280865,1,1,0,0,153,207,182,116,8,213,273,0,1,0,0,0,1.3189655,0.7391304,0.5603865
https://vk.com/id1280942,1,1,0,0,916,38,43,364,0,879,0,0,1,0,0,0,2.5164835,24.1052632,9.5789474
https://vk.com/id1327235,1,1,0,0,561,377,155,512,9,216,0,5,1,1,0,0,1.0957031,1.4880637,1.3580902
https://vk.com/id1336482,1,1,1,0,436,1054,96,225,15,2764,254,0,1,0,0,1,1.9377778,0.4136622,0.2134725
https://vk.com/id1346747,0,1,1,0,443,28,1905,1674,0,0,0,2,1,0,1,1,0.2646356,15.8214286,59.7857143
https://vk.com/id1356900,1,0,0,0,174,164,108,146,0,54,0,588,1,0,0,0,1.1917808,1.0609756,0.8902439
https://vk.com/id1375882,1,1,0,0,155,106,127,445,1,31,1119,0,1,1,0,0,0.3483146,1.4622642,4.1981132
https://vk.com/id1382282,1,1,0,0,2558,774,97,1054,16,601,1026,0,1,0,0,0,2.426945,3.3049096,1.3617571
https://vk.com/id1388714,1,0,0,0,798,142,58,1006,2,159,0,180,1,0,0,0,0.7932406,5.6197183,7.084507
https://vk.com/id1408824,1,1,0,1,992,1744,1374,2199,34,554,0,0,1,1,0,0,0.4511141,0.5688073,1.2608945
https://vk.com/id1421030,1,1,0,0,297,322,726,1340,0,530,0,0,1,0,0,0,0.2216418,0.9223602,4.1614907
https://vk.com/id1440589,1,1,0,1,174,116,37,292,2,130,283,0,1,1,0,0,0.5958904,1.5,2.5172414
https://vk.com/id1451337,1,1,1,0,585,3,324,451,0,65,0,0,1,0,0,1,1.2971175,195.0,150.3333333
https://vk.com/id1466267,1,0,0,1,154,74,128,252,0,2098,4068,0,1,0,0,0,0.6111111,2.0810811,3.4054054
https://vk.com/id1470079,1,0,0,0,14,1,27,10748,0,0,0,3,1,0,0,0,0.0013026,14.0,10748.0
https://vk.com/id1471877,0,1,0,1,1506,3342,598,5633,21,1147,1014,0,1,1,0,0,0.2673531,0.4506284,1.6855177
https://vk.com/id1518126,1,0,0,1,9150,21,17,39,2,43,31,0,1,1,0,0,234.6153846,435.7142857,1.8571429
https://vk.com/id1537322,1,1,1,0,9150,5,27,46,2,25,24,0,1,0,0,1,198.9130435,1830.0,9.2
https://vk.com/id1552173,1,1,0,0,75,18,33,123,4,3,11,0,1,0,0,0,0.6097561,4.1666667,6.8333333
https://vk.com/id1553401,1,1,0,1,494,681,116,428,7,166,219,4,1,1,0,0,1.1542056,0.7254038,0.6284875
https://vk.com/id1557479,1,0,0,0,111509,20,276,642,0,963,2466,0,1,0,0,0,173.6900312,5575.45,32.1
https://vk.com/id1561881,1,1,0,0,432,3,128,831,0,229,0,0,1,0,0,0,0.5198556,144.0,277.0
https://vk.com/id1583236,1,1,0,1,149,472,30,268,8,44,434,0,1,0,0,0,0.5559701,0.315678,0.5677966
https://vk.com/id1588534,1,1,0,0,174,23,156,202,2,197,1868,0,1,0,0,0,0.8613861,7.5652174,8.7826087
https://vk.com/id1592387,1,1,1,0,19150,34,334,245,3,3,1252,0,1,0,1,1,78.1632653,563.2352941,7.2058824
https://vk.com/id1594378,1,0,0,1,243,1,68,400,0,39,0,2,1,0,0,0,0.6075,243.0,400.0
https://vk.com/id1600525,1,1,0,0,36150,134,209,140,6,86,0,0,1,0,0,0,258.2142857,269.7761194,1.0447761
https://vk.com/id1602893,1,1,0,1,153,21,37,33,0,9,0,4,1,1,0,0,4.6363636,7.2857143,1.5714286
https://vk.com/id1626558,1,1,1,0,42150,222,621,785,0,210,511,1,1,1,1,1,53.6942675,189.8648649,3.536036
https://vk.com/id1629785,1,1,0,0,978,341,280,961,6,1384,1076,0,1,0,0,0,1.0176899,2.8680352,2.8181818
https://vk.com/id1629806,1,1,0,0,174,187,86,85,3,113,420,0,1,0,0,0,2.0470588,0.9304813,0.4545455
https://vk.com/id1649732,0,0,0,0,150,0,0,0,0,0,0,0,0,0,0,0,276052.6291256145,608148.202111828,299.0084740800429
https://vk.com/id1652667,1,0,1,1,292,216,22,198,2,15,13,473,1,0,1,1,1.4747475,1.3518519,0.9166667
https://vk.com/id1653175,1,1,0,0,253,403,129,156,6,246,0,0,1,1,0,0,1.6217949,0.6277916,0.3870968
https://vk.com/id1654010,1,1,1,0,358,74,94,184,1,51,47,0,1,0,0,1,1.9456522,4.8378378,2.4864865
https://vk.com/id1666138,1,1,0,1,1552,40,242,1363,0,499,0,0,1,0,0,0,1.1386647,38.8,34.075
https://vk.com/id1682333,1,1,0,0,115091,673,58,652,7,63,0,0,1,1,0,0,176.5199387,171.0118871,0.9687964
https://vk.com/id1686675,1,1,0,0,797,764,176,176,2,403,0,94,1,1,0,0,4.5284091,1.0431937,0.2303665
https://vk.com/id1729980,1,1,0,0,235,553,87,225,5,233,1365,0,1,1,0,0,1.0444444,0.4249548,0.4068716
https://vk.com/id1768484,1,1,0,1,265,3,75,86,0,20,0,3,1,0,0,0,3.0813953,88.3333333,28.6666667
https://vk.com/id1802252,1,0,1,0,966,14,469,568,1,946,915,0,1,0,1,1,1.7007042,69.0,40.5714286
https://vk.com/id1866494,1,1,0,1,71150,8,41,115,0,28,0,10,1,0,0,0,618.6956522,8893.75,14.375
https://vk.com/id1873148,1,1,0,1,4150150150,15,133,32,0,263,184,0,1,0,0,0,129692192.1875,276676676.6666667,2.1333333
https://vk.com/id1875199,1,1,0,0,179,3,81,56,0,116,0,0,1,0,0,0,3.1964286,59.6666667,18.6666667
https://vk.com/id1884725,1,1,0,0,219,5,66,126,0,0,47,0,1,0,0,0,1.7380952,43.8,25.2
https://vk.com/id1896419,1,1,0,0,38150,370,136,225,4,1569,0,0,1,0,0,0,169.5555556,103.1081081,0.6081081
https://vk.com/id1900150,1,1,0,1,482,426,140,539,8,343,417,0,1,0,0,0,0.8942486,1.1314554,1.2652582
https://vk.com/id1908836,1,0,0,0,246,3,137,111,0,1,0,0,1,0,0,0,2.2162162,82.0,37.0
https://vk.com/id1927715,1,1,1,0,42150,1079,208,323,35,958,926,0,1,0,0,1,130.495356,39.0639481,0.2993513
https://vk.com/id1994171,1,1,0,0,591,33,244,628,1,376,7586,0,1,0,0,0,0.9410828,17.9090909,19.030303
https://vk.com/id1996158,1,1,0,0,732,742,175,116,6,69,686,0,1,1,0,0,6.3103448,0.9865229,0.1563342
https://vk.com/id2000438,1,0,0,0,87,3,102,261,1,127,532,0,1,0,0,0,0.3333333,29.0,87.0
https://vk.com/id2029703,1,1,0,1,412,1646,117,560,20,270,33,0,1,0,0,0,0.7357143,0.2503038,0.3402187
https://vk.com/id2040386,1,1,1,0,123,57,65,956,0,9,0,0,1,1,0,1,0.1286611,2.1578947,16.7719298
https://vk.com/id2054659,1,0,0,0,369,206,131,282,9,95,0,0,1,1,0,0,1.3085106,1.7912621,1.368932
https://vk.com/id2102515,1,1,0,0,273,207,444,698,4,777,0,6,1,1,0,0,0.3911175,1.3188406,3.3719807
https://vk.com/id2111721,1,0,0,0,797,901,185,1009,17,436,0,0,1,1,0,0,0.789891,0.8845727,1.1198668
https://vk.com/id2130210,1,1,0,0,982,775,292,610,23,419,0,0,1,1,0,0,1.6098361,1.2670968,0.7870968
https://vk.com/id2133105,1,0,0,1,1289,52,414,570,0,406,0,0,1,1,0,0,2.2614035,24.7884615,10.9615385
https://vk.com/id2139471,0,0,0,0,125,1,54,157,0,36,96,0,1,0,0,0,0.7961783,125.0,157.0
https://vk.com/id2143922,0,0,1,0,4345,26,1991,2014,0,124,1618,0,1,0,0,0,2.1573982,167.1153846,77.4615385
https://vk.com/id2159552,0,1,1,0,215035,8,1537,675,0,0,0,6,1,0,1,1,318.5703704,26879.375,84.375
https://vk.com/id2173826,1,1,0,0,1379,2644,559,3001,35,567,922,0,1,0,0,0,0.4595135,0.5215582,1.1350227
https://vk.com/id2180079,0,1,1,0,251508,36,2025,531,1,0,0,6,1,1,1,0,473.6497175,6986.3333333,14.75
https://vk.com/id2228966,1,1,0,0,189,45,49,112,0,64,566,1,1,0,0,0,1.6875,4.2,2.4888889
https://vk.com/id2238235,1,1,0,1,115,299,100,89,4,126,0,0,1,0,0,0,1.2921348,0.3846154,0.2976589
https://vk.com/id2238488,1,0,0,0,197,13,134,127,0,993,843,0,1,0,0,0,1.5511811,15.1538462,9.7692308
https://vk.com/id2257306,1,1,0,0,99,187,18,36,6,3,31,0,1,0,0,0,2.75,0.5294118,0.1925134
https://vk.com/id2265203,1,1,0,0,71,7,21,18,0,76,0,0,0,0,0,0,3.9444444,10.1428571,2.5714286
https://vk.com/id2269250,1,1,0,0,5150150,362,141,262,9,460,0,0,1,0,0,0,19657.0610687,14226.9337017,0.7237569
https://vk.com/id2281411,1,1,0,0,344,46,25,293,1,58,617,0,1,1,0,0,1.1740614,7.4782609,6.3695652
https://vk.com/id2281473,1,1,0,0,118,80,473,84,1,6,0,0,1,0,0,0,1.4047619,1.475,1.05
https://vk.com/id2314908,1,0,0,0,255,21,291,360,0,568,0,0,1,0,0,0,0.7083333,12.1428571,17.1428571
https://vk.com/id2317174,1,1,0,0,433,236,314,295,3,607,9130,0,1,0,0,0,1.4677966,1.8347458,1.25
https://vk.com/id2335405,1,1,0,1,236,142,133,466,2,380,1246,0,1,1,0,0,0.5064378,1.6619718,3.2816901
https://vk.com/id2336695,1,1,0,0,2839,515,120,956,0,76,291,0,1,1,0,0,2.9696653,5.5126214,1.8563107
https://vk.com/id2345019,1,1,1,0,81502,4152,369,916,27,1441,2361,0,1,0,0,0,88.9759825,19.6295761,0.2206166
https://vk.com/id2356279,1,0,0,0,21150,3,22,66,0,0,4,0,1,0,0,0,320.4545455,7050.0,22.0
https://vk.com/id2365294,1,0,0,0,128,365,91,35,0,34,109,0,1,0,0,0,3.6571429,0.3506849,0.0958904
https://vk.com/id2379168,1,1,0,0,87,194,34,57,1,69,252,0,1,0,0,0,1.5263158,0.4484536,0.2938144
https://vk.com/id2381694,1,1,1,0,457,328,556,269,13,44,0,0,0,0,0,1,1.6988848,1.3932927,0.820122
https://vk.com/id2389494,1,1,0,0,2212,487,129,722,0,97,0,0,1,1,0,0,3.0637119,4.5420945,1.4825462
https://vk.com/id2391040,1,1,0,1,182,275,34,49,2,20,73,13,1,0,0,0,3.7142857,0.6618182,0.1781818
https://vk.com/id2392035,0,0,0,0,150,0,0,0,0,0,0,0,0,0,0,0,276052.6291256145,608148.202111828,299.0084740800429
https://vk.com/id2421805,1,1,0,1,8945,1038,159,1649,0,1676,0,0,1,1,0,0,5.4244997,8.6175337,1.588632
https://vk.com/id2426438,1,1,1,1,329,559,34,315,4,71,401,0,1,0,1,1,1.0444444,0.588551,0.5635063
https://vk.com/id2436428,1,1,0,0,258,2,96,163,1,22,20,0,1,0,0,0,1.5828221,129.0,81.5
https://vk.com/id2443637,1,1,1,0,585,53,95,162,0,666,0,0,1,1,0,1,3.6111111,11.0377358,3.0566038
https://vk.com/id2444001,1,1,0,0,394,248,42,536,3,187,580,1,1,0,0,0,0.7350746,1.5887097,2.1612903
https://vk.com/id2451144,1,0,0,0,33,2,65,109,0,5,0,0,1,0,0,0,0.3027523,16.5,54.5
https://vk.com/id2504117,1,1,0,1,317,190,81,172,1,6,13,0,1,0,0,0,1.8430233,1.6684211,0.9052632
https://vk.com/id2525111,1,1,0,0,1555,283,318,419,9,125,206,0,1,1,0,0,3.7112172,5.4946996,1.4805654
https://vk.com/id2531871,1,0,1,0,117,111,65,222,0,17,1042,0,1,0,0,0,0.527027,1.0540541,2.0
https://vk.com/id2535898,1,1,0,0,28150,157,51,385,7,7,94,0,1,1,0,0,73.1168831,179.2993631,2.4522293
https://vk.com/id2537232,1,1,1,0,3211,307,120,652,2,130,74,0,1,1,0,1,4.9248466,10.4592834,2.1237785
https://vk.com/id2561895,1,1,1,0,24150,30,81,178,1,46,149,1,1,0,1,1,135.6741573,805.0,5.9333333
https://vk.com/id2601302,1,1,0,0,759,366,353,3680,0,350,476,0,1,1,0,0,0.20625,2.0737705,10.0546448
https://vk.com/id2617221,1,0,1,1,98,7,275,143,0,491,0,0,1,0,0,0,0.6853147,14.0,20.4285714
https://vk.com/id2642370,1,1,1,0,21501,113,69,259,2,22,116,0,1,1,0,1,83.015444,190.2743363,2.2920354
https://vk.com/id2644541,1,1,0,0,596,4765,59,302,33,237,0,0,1,1,0,0,1.9735099,0.1250787,0.0633788
https://vk.com/id2644858,1,1,1,0,29150,535,29,58,4,177,507,1,1,1,0,1,502.5862069,54.4859813,0.1084112
https://vk.com/id2660714,1,1,1,0,178,29,195,197,1,33,0,0,1,0,1,1,0.9035533,6.137931,6.7931034
https://vk.com/id2660913,1,1,0,0,222,14,189,0,0,2,0,0,1,0,0,0,276052.6291256145,15.8571429,0.0
https://vk.com/id2663380,1,1,0,0,628,95,247,410,0,870,0,0,1,1,0,0,1.5317073,6.6105263,4.3157895
https://vk.com/id2712871,1,1,0,1,387,66,63,328,1,1018,1018,0,1,1,0,0,1.179878,5.8636364,4.969697
https://vk.com/id2729944,1,1,0,1,2145,4,290,3360,0,383,0,0,1,1,0,0,0.6383929,536.25,840.0
https://vk.com/id2734226,1,1,0,0,118,45,61,89,11,56,881,0,1,1,0,0,1.3258427,2.6222222,1.9777778
https://vk.com/id2737964,1,1,0,0,175,330,20,52,1,3,141,1,1,1,0,0,3.3653846,0.530303,0.1575758
https://vk.com/id2739647,0,1,1,0,4573,5,3906,1263,0,0,0,110,1,0,0,0,3.6207443,914.6,252.6
https://vk.com/id2742660,1,1,0,0,141,81,7,179,1,134,123,1,1,1,0,0,0.7877095,1.7407407,2.2098765
https://vk.com/id2759862,1,1,0,0,5371,2276,113,501,14,302,0,2,1,1,0,0,10.7205589,2.3598418,0.220123
https://vk.com/id2763033,1,1,0,0,3254,841,393,475,17,500,0,0,1,1,0,0,6.8505263,3.8692033,0.5648038
https://vk.com/id2770689,1,1,0,1,458,161,58,175,2,34,201,0,1,1,0,0,2.6171429,2.8447205,1.0869565
https://vk.com/id2789604,0,1,0,0,1998,24,1550,621,1,2,0,7,1,0,0,0,3.2173913,83.25,25.875
https://vk.com/id2803923,1,0,0,0,165,84,19,62,1,11,0,0,1,0,0,0,2.6612903,1.9642857,0.7380952
https://vk.com/id2819824,1,1,0,1,165,1263,45,228,22,40,270,0,1,1,0,0,0.7236842,0.1306413,0.1805226
https://vk.com/id2820218,1,1,0,1,517,102,205,348,0,196,0,0,1,1,0,0,1.4856322,5.0686275,3.4117647
https://vk.com/id2822046,1,1,0,1,463,30,90,254,0,23,0,0,1,1,0,0,1.8228346,15.4333333,8.4666667
https://vk.com/id2828027,1,1,0,1,339,1297,23,270,8,8,0,0,1,1,0,0,1.2555556,0.2613724,0.2081727
https://vk.com/id2841531,1,1,0,1,832,1172,457,776,4,1617,0,11,1,1,0,0,1.0721649,0.7098976,0.662116
https://vk.com/id2842178,1,1,1,1,992150,1228,170,1753,9,162,0,0,1,0,1,1,565.9726184,807.9397394,1.4275244
https://vk.com/id177,0,1,1,0,1,28,1252,55652,0,1,50,1,1,0,0,0,1.8e-05,0.0357143,1987.5714286
https://vk.com/id1058,1,1,0,1,359,355,56,3131,6,114,0,0,1,1,0,0,0.1146599,1.0112676,8.8197183
https://vk.com/id1080,1,1,0,1,469,143,204,2572,8,372,0,0,1,1,0,0,0.1823484,3.2797203,17.986014
https://vk.com/id1232,1,1,0,0,1776,179,97,4174,0,764,0,0,1,0,0,0,0.4254911,9.9217877,23.3184358
https://vk.com/id1295,1,1,0,0,321,10,56,2219,0,49,562,0,1,1,0,0,0.1446598,32.1,221.9
https://vk.com/id1359,1,1,1,1,71509,153,98,28623,0,1,0,2,1,1,0,1,2.4983056,467.379085,187.0784314
https://vk.com/id1587,1,1,0,1,153,2,14,685,0,0,211,20,1,0,0,0,0.2233577,76.5,342.5
https://vk.com/id1620,1,0,0,0,86,49,1338,2567,1,284,0,0,1,0,0,0,0.0335021,1.755102,52.3877551
https://vk.com/id1631,1,0,0,0,114,8,13,1154,0,2,118,0,1,0,0,0,0.0987868,14.25,144.25
https://vk.com/id1659,1,1,0,1,413,382,18,1218,10,16,87,0,1,0,0,0,0.3390805,1.0811518,3.1884817
https://vk.com/id1699,1,1,1,1,8193,591,2200,58155,22,134,117,0,1,1,1,1,0.1408821,13.8629442,98.4010152
https://vk.com/id1841,1,1,0,0,183,33,48,1071,4,38,0,1,1,0,0,0,0.1708683,5.5454545,32.4545455
https://vk.com/id1863,1,1,0,1,1133,996,151,2449,19,24,1266,0,1,0,0,0,0.4626378,1.1375502,2.4588353
https://vk.com/id1867,1,1,0,0,324,274,81,2603,9,529,0,5,1,0,0,0,0.1244718,1.1824818,9.5
https://vk.com/id1881,1,1,0,1,412,335,61,8876,2,117,0,0,1,1,0,0,0.0464173,1.2298507,26.4955224
https://vk.com/id1961,1,0,0,0,14150,59,33,1245,0,50,0,1,1,1,0,0,11.3654618,239.8305085,21.1016949
https://vk.com/id1996,1,1,1,0,3,5,64,2476,0,1,3,1448,1,0,0,1,0.0012116,0.6,495.2
https://vk.com/id2022,1,1,0,1,663,81,561,143797,3,14,703,1,1,0,0,0,0.0046107,8.1851852,1775.2716049
https://vk.com/id2023,1,1,0,0,62,13,2804,1074,0,0,0,0,1,0,0,0,0.0577281,4.7692308,82.6153846
https://vk.com/id2050,1,1,1,1,1391,706,251,13890,7,86,997,0,1,0,1,1,0.100144,1.970255,19.674221
https://vk.com/id2103,1,1,0,0,329,51,10,1047,1,86,90,0,1,0,0,0,0.3142311,6.4509804,20.5294118
https://vk.com/id2126,1,0,0,0,286,119,119,1094,3,64,79,0,1,0,0,0,0.261426,2.4033613,9.1932773
https://vk.com/id2152,1,1,1,0,127,41,2667,3059,1,60,0,148,1,0,1,1,0.0415168,3.097561,74.6097561
https://vk.com/id2226,1,1,0,0,115087,9,159,3637,1,89,468,0,1,1,0,0,31.6433874,12787.4444444,404.1111111
https://vk.com/id2350,1,1,0,1,241,144,18,982,0,55,135,0,1,0,0,0,0.2454175,1.6736111,6.8194444
https://vk.com/id2389,0,1,1,0,98,9,2021,19072,0,0,0,1136,1,0,0,1,0.0051384,10.8888889,2119.1111111
https://vk.com/id2395,1,1,1,0,466,86,4423,88850,1,68,325,0,1,1,0,1,0.0052448,5.4186047,1033.1395349
https://vk.com/id2408,1,1,0,0,57150,408,91,2247,5,184,1332,1,1,1,0,0,25.4339119,140.0735294,5.5073529
https://vk.com/id2514,1,1,0,1,215027,74,70,2306,6,2588,0,0,1,0,0,0,93.2467476,2905.7702703,31.1621622
https://vk.com/id2591,0,0,0,0,4598,1,230,23828,0,6,0,355,1,0,0,0,0.1929663,4598.0,23828.0
https://vk.com/id2601,1,1,1,0,28150,4519,546,11736,4,645,409,0,1,0,1,0,2.3986026,6.2292543,2.5970347
https://vk.com/id2693,1,1,0,1,181502,1792,194,2031,20,275,0,0,1,0,0,0,89.3658296,101.2845982,1.1333705
https://vk.com/id2909,1,1,0,0,329,119,51,646,2,35,263,1,1,0,0,0,0.5092879,2.7647059,5.4285714
https://vk.com/id2926,1,1,0,0,8,13,1053,8568,0,4,35,1,1,1,0,0,0.0009337,0.6153846,659.0769231
https://vk.com/id2962,1,1,0,1,1996,2670,630,23537,29,1670,0,0,1,1,0,0,0.0848027,0.7475655,8.8153558
https://vk.com/id2982,1,1,0,0,257,10,44,1252,1,1,0,0,1,0,0,0,0.2052716,25.7,125.2
https://vk.com/id2988,1,1,0,0,43150,499,88,2752,10,87,0,0,1,0,0,0,15.6795058,86.4729459,5.5150301
https://vk.com/id3006,1,1,1,0,79,9,1944,28639,0,1,58,22,1,0,1,1,0.0027585,8.7777778,3182.1111111
https://vk.com/id3022,1,1,0,0,145,361,70,573,1,438,495,0,1,1,0,0,0.2530541,0.401662,1.5872576
https://vk.com/id3037,1,1,0,0,552,105,32,1120,0,328,118,0,1,0,0,0,0.4928571,5.2571429,10.6666667
https://vk.com/id3062,1,1,0,0,179,167,63,779,2,122,0,1,1,1,0,0,0.2297818,1.0718563,4.6646707
https://vk.com/id3074,1,1,1,0,143,275,27,416,4,0,0,0,1,0,0,1,0.34375,0.52,1.5127273
https://vk.com/id3116,1,1,0,0,213,671,153,5234,0,25,0,0,1,0,0,0,0.0406955,0.3174367,7.8002981
https://vk.com/id3172,1,1,0,0,432,38,466,4625,0,123,0,0,1,0,0,0,0.0934054,11.3684211,121.7105263
https://vk.com/id3175,1,1,0,0,72,2,20,330,0,1,0,1,1,0,0,0,0.2181818,36.0,165.0
https://vk.com/id3209,1,1,1,1,942,776,169,4553,2,298,1295,0,1,0,1,1,0.2068966,1.2139175,5.867268
https://vk.com/id3363,1,1,0,1,166,557,15,455,4,15,0,1,1,1,0,0,0.3648352,0.2980251,0.8168761
https://vk.com/id3450,1,1,0,0,1519,709,2777,33140,1,40,0,0,1,1,0,0,0.0458358,2.1424542,46.74189
https://vk.com/id3727,1,1,0,1,983,602,190,3031,1,52,0,2,1,0,0,0,0.3243154,1.6328904,5.0348837
https://vk.com/id3741,1,1,0,1,61505,229,43,733,6,264,492,0,1,0,0,0,83.9085948,268.580786,3.2008734
https://vk.com/id3756,1,1,0,1,181,40,855,31935,0,0,0,0,1,0,0,0,0.0056678,4.525,798.375
https://vk.com/id3809,1,1,0,0,115044,741,242,4589,0,286,0,0,1,1,0,0,25.0695141,155.2550607,6.1929825
https://vk.com/id3853,1,1,0,0,391,268,33,908,7,76,0,0,1,1,0,0,0.4306167,1.4589552,3.3880597
https://vk.com/id3878,1,1,0,0,145,142,15,498,0,79,0,0,1,0,0,0,0.2911647,1.0211268,3.5070423
https://vk.com/id3936,1,1,1,0,82,114,39,484,1,3,59,0,1,0,0,1,0.1694215,0.7192982,4.245614
https://vk.com/id3959,1,0,1,0,238,6,41,436,0,0,0,0,1,1,0,1,0.5458716,39.6666667,72.6666667
https://vk.com/id4041,0,1,0,0,150,6,4118,191004,0,4,0,0,1,0,0,0,0.0007853,25.0,31834.0
https://vk.com/id4192,1,1,0,1,338,313,276,1834,11,62,0,0,1,0,0,0,0.1842966,1.0798722,5.8594249
https://vk.com/id4265,1,1,0,0,51505,296,97,842,18,145,0,0,1,0,0,0,61.1698337,174.0033784,2.8445946
https://vk.com/id4305,0,0,0,0,57,1,16,789,0,7,0,0,1,1,0,0,0.0722433,57.0,789.0
https://vk.com/id4307,1,1,1,0,153,15,3,235,0,11,26,1,1,0,0,1,0.6510638,10.2,15.6666667
https://vk.com/id4432,1,1,0,0,245,1149,61,419,7,39,0,0,1,1,0,0,0.5847255,0.2132289,0.3646649
https://vk.com/id4481,1,1,0,0,3150150,1,34,723,0,175,217,0,1,0,0,0,4357.0539419,3150150.0,723.0
https://vk.com/id4516,1,1,0,0,667,71,86,1481,1,11,1,0,1,1,0,0,0.4503714,9.3943662,20.8591549
https://vk.com/id4564,1,1,0,1,257,45,148,1182,2,421,1930,0,1,1,0,0,0.2174281,5.7111111,26.2666667
https://vk.com/id4579,1,1,1,1,215052,763,273,2581,5,282,3586,0,1,0,1,1,83.3211933,281.8505898,3.3826999
https://vk.com/id4601,1,1,0,0,11503,14,79,2872,1,21,12,479,1,0,0,0,4.0052228,821.6428571,205.1428571
https://vk.com/id4630,1,1,0,0,173,1207,59,1126,16,156,0,0,1,0,0,0,0.1536412,0.1433306,0.9328915
https://vk.com/id4653,1,1,0,0,522,468,68,2371,2,80,0,1,1,0,0,0,0.2201603,1.1153846,5.0662393
https://vk.com/id4655,1,1,0,0,322,43,45,325,0,281,0,0,1,0,0,0,0.9907692,7.4883721,7.5581395
https://vk.com/id4680,1,1,0,1,51503,462,141,6,0,535,0,0,1,1,0,0,8583.8333333,111.478355,0.012987
https://vk.com/id4689,0,1,0,0,1,159,3079,11755,11,8,782,2,1,0,0,0,8.51e-05,0.0062893,73.9308176
https://vk.com/id4731,1,1,1,0,143,315,3248,58247,1,195,491,4,1,1,1,1,0.0024551,0.4539683,184.9111111
https://vk.com/id4785,1,1,0,0,316,5,25,272,0,0,0,0,1,0,0,0,1.1617647,63.2,54.4
https://vk.com/id4862,1,1,0,1,226,11,137,1990,2,153,124,0,1,0,0,0,0.1135678,20.5454545,180.9090909
https://vk.com/id4916,1,1,0,1,161,12,75,2674,2,7,0,0,1,1,0,0,0.0602094,13.4166667,222.8333333
https://vk.com/id4929,1,0,0,0,217,14,157,1971,0,100,482,0,1,0,0,0,0.1100964,15.5,140.7857143
https://vk.com/id5067,1,1,0,1,27150,412,34,838,3,35,134,10,1,1,0,0,32.398568,65.8980583,2.0339806
https://vk.com/id5100,1,1,1,0,587,1334,40,807,18,43,186,0,1,0,1,1,0.7273854,0.44003,0.6049475
https://vk.com/id5191,1,1,0,0,147,88,15,79,0,1,0,1,1,0,0,0,1.8607595,1.6704545,0.8977273
https://vk.com/id5278,1,1,0,0,229,80,150,1031,2,38,53,0,1,0,0,0,0.2221145,2.8625,12.8875
https://vk.com/id5385,1,1,1,0,215,2467,145,3375,26,63,1031,0,1,0,0,1,0.0637037,0.0871504,1.3680584
https://vk.com/id5394,1,1,0,1,399,17,651,28126,1,722,0,0,1,1,0,0,0.0141862,23.4705882,1654.4705882
https://vk.com/id5429,1,1,0,0,252,76,102,1343,2,101,0,1,1,0,0,0,0.1876396,3.3157895,17.6710526
https://vk.com/id5467,1,1,0,0,245,74,64,333,1,35,0,1,1,1,0,0,0.7357357,3.3108108,4.5
https://vk.com/id5487,1,1,0,0,31501,2,291,387,0,13,0,0,1,0,0,0,81.3979328,15750.5,193.5
https://vk.com/id5509,1,0,0,0,1,1,22,322,0,0,0,44,1,0,0,0,0.0031056,1.0,322.0
https://vk.com/id5595,1,1,0,1,354,575,580,27168,5,7182,0,0,1,0,0,0,0.01303,0.6156522,47.2486957
https://vk.com/id5601,1,1,1,0,55,734,16,441,2,18,248,1,1,0,1,1,0.1247166,0.0749319,0.6008174
https://vk.com/id5665,1,1,1,0,5150,15,3316,52714,0,233,0,0,1,0,0,1,0.097697,343.3333333,3514.2666667
https://vk.com/id5792,1,1,1,0,115018,143,239,2255,3,251,0,0,1,0,1,1,51.005765,804.3216783,15.7692308
https://vk.com/id5927,1,1,0,0,244,190,72,1177,2,1111,2608,0,1,0,0,0,0.2073067,1.2842105,6.1947368
https://vk.com/id5936,1,0,0,0,41150,53,41,610,1,173,866,0,1,0,0,0,67.4590164,776.4150943,11.509434
https://vk.com/id5944,1,1,1,1,876,256,201,3409,3,144,0,0,1,0,1,1,0.2569669,3.421875,13.3164062
https://vk.com/id5997,1,1,0,1,414,103,50,1179,0,65,0,1,1,1,0,0,0.351145,4.0194175,11.4466019
https://vk.com/id6111,1,1,1,0,2,35,53,5455,1,22,0,2046,0,0,0,0,0.0003666,0.0571429,155.8571429
https://vk.com/id6181,1,1,1,1,563,292,328,69588,4,93,0,0,1,1,1,1,0.0080905,1.9280822,238.3150685
https://vk.com/id6208,1,1,0,0,88150,299,22,1482,1,76,0,0,1,1,0,0,59.4804318,294.8160535,4.9565217
https://vk.com/id6233,1,1,0,1,33150,2643,18,747,3,212,1304,0,1,0,0,0,44.37751,12.5425653,0.2826334
https://vk.com/id6242,1,1,0,0,139,76,89,313,0,77,0,4,1,0,0,0,0.4440895,1.8289474,4.1184211
https://vk.com/id6252,1,1,0,1,365,24,1,566,0,12,1730,0,1,1,0,0,0.6448763,15.2083333,23.5833333
https://vk.com/id6279,1,1,0,1,366,471,47,267,1,48,0,0,1,1,0,0,1.3707865,0.7770701,0.566879
https://vk.com/id6320,1,1,0,0,367,245,74,1721,3,354,943,0,1,0,0,0,0.2132481,1.4979592,7.0244898
https://vk.com/id6383,1,1,1,0,299,341,44,19075,7,87,0,3,1,1,0,1,0.015675,0.8768328,55.9384164
https://vk.com/id6404,1,1,0,0,115,12,7,80,1,17,11,1,1,0,0,0,1.4375,9.5833333,6.6666667
https://vk.com/id6495,1,1,0,0,31505,541,32,680,11,38,242,0,1,0,0,0,46.3308824,58.2347505,1.2569316
https://vk.com/id6557,1,1,1,0,433,43,146,37436,0,12,210,15,1,1,0,0,0.0115664,10.0697674,870.6046512
https://vk.com/id6586,1,1,0,0,32,6,50,481,0,310,0,0,1,0,0,0,0.0665281,5.3333333,80.1666667
https://vk.com/id6639,1,1,0,0,28150,515,47,1115,6,79,2823,1,1,0,0,0,25.2466368,54.6601942,2.1650485
https://vk.com/id6646,1,1,0,0,246,337,43,871,11,42,0,0,1,0,0,0,0.282434,0.7299703,2.5845697
https://vk.com/id6673,1,1,1,0,96,13,3251,8284,1,48,72,402,1,1,0,0,0.0115886,7.3846154,637.2307692
https://vk.com/id6689,1,1,0,0,71507,63,145,3505,7,519,219,0,1,1,0,0,20.4014265,1135.031746,55.6349206
https://vk.com/id6698,1,1,1,0,53,14,19,210,1,116,291,0,1,0,0,1,0.252381,3.7857143,15.0
https://vk.com/id6717,1,1,0,0,653,1833,34,551,22,30,0,1,1,0,0,0,1.185118,0.3562466,0.3006001
https://vk.com/id6730,1,1,0,1,21501,497,70,1450,0,84,270,0,1,0,0,0,14.8282759,43.2615694,2.917505
https://vk.com/id6808,1,1,1,0,292,319,35,710,10,160,132,0,1,1,0,1,0.4112676,0.9153605,2.2257053
https://vk.com/id6821,1,1,0,0,56,64,2593,3637,1,0,0,0,1,0,0,0,0.0153973,0.875,56.828125
https://vk.com/id6840,1,0,0,0,1133,160,41,560,6,34,0,1,1,0,0,0,2.0232143,7.08125,3.5
https://vk.com/id6940,1,1,0,0,168,178,29,204,5,8,250,0,1,0,0,0,0.8235294,0.9438202,1.1460674
https://vk.com/id6976,1,1,0,0,268,94,41,734,7,21,0,1,1,0,0,0,0.3651226,2.8510638,7.8085106
https://vk.com/id6979,1,1,0,1,2296,298,12,1123,0,62,2115,0,1,1,0,0,2.0445236,7.704698,3.7684564
https://vk.com/id6994,1,0,1,1,63,5,507,4701,0,80,0,0,1,1,0,0,0.0134014,12.6,940.2
https://vk.com/id7058,1,1,0,0,569,701,44,1274,18,21,0,3,1,0,0,0,0.4466248,0.8116976,1.8174037
https://vk.com/id7226,1,0,1,0,2150,16,663,17064,1,10,131,149,1,0,0,0,0.1259962,134.375,1066.5
https://vk.com/id7276,1,1,0,1,298,17,14,191,0,226,0,1,1,0,0,0,1.5602094,17.5294118,11.2352941
https://vk.com/id7338,1,1,0,1,295,29,115,889,1,121,190,0,1,1,0,0,0.3318335,10.1724138,30.6551724
https://vk.com/id7391,1,1,1,1,2617,295,79,22107,0,322,1434,1,1,1,1,1,0.1183788,8.8711864,74.9389831
https://vk.com/id7405,1,1,1,0,455,186,161,1271,12,15,0,0,1,1,1,1,0.3579858,2.4462366,6.8333333
https://vk.com/id7434,1,1,0,0,884,127,83,6356,0,239,0,0,1,0,0,0,0.1390812,6.9606299,50.0472441
https://vk.com/id7525,1,1,0,1,663,338,648,6317,2,1943,1539,1,1,0,0,0,0.1049549,1.9615385,18.6893491
https://vk.com/id7556,1,1,0,0,618,1027,78,1092,27,519,1391,0,1,0,0,0,0.5659341,0.6017527,1.0632911
https://vk.com/id7576,1,0,1,0,192,67,50,713,0,0,0,1,1,0,0,0,0.2692847,2.8656716,10.641791
https://vk.com/id7743,1,1,0,0,11150,3,12,190,1,12,584,0,1,0,0,0,58.6842105,3716.6666667,63.3333333
https://vk.com/id7751,1,0,0,0,427,59,11,196,1,2,0,4,1,0,0,0,2.1785714,7.2372881,3.3220339
https://vk.com/id7757,1,1,0,1,182,383,53,425,4,46,353,0,1,1,0,0,0.4282353,0.4751958,1.1096606
https://vk.com/id7789,1,1,0,0,749,1361,39,653,39,19,0,0,1,0,0,0,1.1470138,0.5503306,0.4797943
https://vk.com/id7796,1,1,0,0,597,11,204,2280,1,1372,0,0,1,0,0,0,0.2618421,54.2727273,207.2727273
https://vk.com/id7807,1,1,0,0,664,559,27,413,0,194,789,0,1,0,0,0,1.6077482,1.1878354,0.7388193
https://vk.com/id7808,1,1,0,0,198,16,27,578,1,78,0,0,1,0,0,0,0.3425606,12.375,36.125
https://vk.com/id7823,1,1,1,1,236,1377,9,450,22,71,0,1,1,0,1,1,0.5244444,0.1713871,0.3267974
https://vk.com/id7842,1,1,0,0,19150,438,24,126,3,4,0,1,1,0,0,0,151.984127,43.7214612,0.2876712
https://vk.com/id7929,0,1,0,0,3150150,1,50,500,0,6,203,0,1,0,0,0,6300.3,3150150.0,500.0
https://vk.com/id7960,0,1,0,0,371,14,93,1837,0,290,0,0,1,0,0,0,0.2019597,26.5,131.2142857
https://vk.com/id7982,1,1,1,0,57150,8,977,105298,0,383,0,0,1,0,1,0,0.5427454,7143.75,13162.25
https://vk.com/id8004,1,1,0,0,251,24,85,410,1,15,162,0,1,1,0,0,0.6121951,10.4583333,17.0833333
https://vk.com/id8127,1,1,1,1,224,1731,35,376,10,80,711,0,1,1,0,1,0.5957447,0.129405,0.2172155
https://vk.com/id8140,1,0,0,0,21507,7,135,1034,0,619,521,3,1,0,0,0,20.7998066,3072.4285714,147.7142857
https://vk.com/id8149,1,1,0,0,125,119,64,523,3,4,278,2,1,0,0,0,0.2390057,1.0504202,4.394958
https://vk.com/id8159,1,1,0,1,61505,878,451,7888,1,1622,0,3,1,0,0,0,7.797287,70.0512528,8.9840547
https://vk.com/id8164,1,1,0,0,31503,19,13,908,0,4,0,438,1,0,0,0,34.6949339,1658.0526316,47.7894737
https://vk.com/id8194,1,1,0,0,150,4,41,2175,0,10,348,1,1,0,0,0,0.0689655,37.5,543.75
https://vk.com/id8224,1,1,1,0,651,870,49,932,8,70,253,226,1,1,0,1,0.6984979,0.7482759,1.0712644
https://vk.com/id8293,1,1,1,0,25150,69,41,1451,0,85,365,0,1,0,0,1,17.3328739,364.4927536,21.0289855
https://vk.com/id8294,1,1,1,0,75,47,19,53,1,11,52,0,1,0,0,1,1.4150943,1.5957447,1.1276596
https://vk.com/id8298,1,1,0,0,842150,38,2040,15451,1,0,0,1131,1,1,0,0,54.5045628,22161.8421053,406.6052632
https://vk.com/id8361,1,1,0,0,277,17,89,1373,1,37,0,0,1,1,0,0,0.201748,16.2941176,80.7647059
https://vk.com/id8418,0,0,1,0,4,16,1571,4282,1,0,1,1,1,0,0,0,0.0009341,0.25,267.625
https://vk.com/id8436,0,0,0,0,5,66,2537,23256,2,1,1,1,1,0,0,0,0.000215,0.0757576,352.3636364
https://vk.com/id8479,1,1,0,1,116,568,23,75,0,100,0,1246,1,1,0,0,1.5466667,0.2042254,0.1320423
https://vk.com/id8505,1,1,1,1,314,2271,157,2195,36,378,653,0,1,1,0,1,0.1430524,0.1382651,0.9665346
https://vk.com/id8590,1,1,0,0,328,49,10,670,0,234,256,0,1,0,0,0,0.4895522,6.6938776,13.6734694
https://vk.com/id8597,1,1,0,1,115017,1153,976,8024,8,665,0,0,1,1,0,0,14.3341226,99.7545533,6.9592368
https://vk.com/id8625,1,1,0,1,371,564,216,2787,7,241,0,0,1,0,0,0,0.133118,0.6578014,4.9414894
https://vk.com/id8722,1,1,0,1,15150,3,38,768,0,455,1304,0,1,0,0,0,19.7265625,5050.0,256.0
https://vk.com/id8723,1,1,0,0,31508,79,92,14,1,147,0,0,1,0,0,0,2250.5714286,398.835443,0.1772152
https://vk.com/id8727,1,0,0,1,4,13,2929,7448,0,0,0,0,1,0,0,0,0.0005371,0.3076923,572.9230769
https://vk.com/id8732,1,1,0,0,18150,112,14,197,3,9,0,0,1,1,0,0,92.1319797,162.0535714,1.7589286
https://vk.com/id8738,1,1,0,0,128,37,126,2338,0,53,118,8,1,0,0,0,0.0547476,3.4594595,63.1891892
https://vk.com/id8751,1,1,0,0,224,87,15,1127,4,19,0,0,1,1,0,0,0.1987578,2.5747126,12.954023
https://vk.com/id8752,1,1,0,1,215079,238,266,35597,1,14,0,0,1,0,0,0,6.0420541,903.6932773,149.5672269
https://vk.com/id8759,1,1,0,1,11503,38,95,1797,0,44,0,1,1,0,0,0,6.4012243,302.7105263,47.2894737
https://vk.com/id8805,1,1,0,0,21509,95,28,267,4,2,0,0,1,0,0,0,80.5580524,226.4105263,2.8105263
https://vk.com/id8810,1,1,0,1,588,3183,8,384,15,9,0,7,1,0,0,0,1.53125,0.1847314,0.1206409
https://vk.com/id8848,1,1,0,0,666,862,47,734,16,156,441,1,1,0,0,0,0.9073569,0.7726218,0.8515081
https://vk.com/id8881,1,1,0,0,298,5,49,387,0,14,0,0,1,0,0,0,0.7700258,59.6,77.4
https://vk.com/id8932,0,0,1,0,3986,15,2,1343,0,2,0,2242,1,0,0,0,2.9679821,265.7333333,89.5333333
https://vk.com/id8936,1,1,0,1,855,218,68,606,0,1284,398,11,1,1,0,0,1.4108911,3.9220183,2.7798165
https://vk.com/id9155,1,0,0,1,241,1699,66,289,13,0,0,0,1,0,0,0,0.83391,0.1418481,0.1701001
https://vk.com/id9164,1,1,0,0,186,428,23,352,9,130,926,0,1,1,0,0,0.5284091,0.4345794,0.8224299
https://vk.com/id9203,1,1,0,1,715,9,315,3205,0,19,1229,0,1,0,0,0,0.2230889,79.4444444,356.1111111
https://vk.com/id9246,1,1,1,1,78,337,260,5443,4,156,0,0,1,0,1,1,0.0143303,0.231454,16.1513353
https://vk.com/id9259,1,1,1,0,125,489,35,158,20,59,11,1,1,1,1,1,0.7911392,0.2556237,0.3231084
https://vk.com/id9412,1,1,0,0,3144,656,479,3560,10,3412,0,0,1,0,0,0,0.8831461,4.7926829,5.4268293
https://vk.com/id9435,1,1,0,1,436,137,252,1866,5,323,1144,4,1,1,0,0,0.2336549,3.1824818,13.620438
https://vk.com/id9447,1,1,1,0,169,45,137,124034,1,0,0,15,1,1,0,0,0.0013625,3.7555556,2756.3111111
https://vk.com/id9478,1,1,0,0,1787,2670,308,9950,9,473,0,0,1,0,0,0,0.179598,0.6692884,3.7265918
https://vk.com/id9517,1,1,0,1,98,129,39,616,0,496,577,40,1,0,0,0,0.1590909,0.7596899,4.7751938
https://vk.com/id9559,1,1,1,0,177,16,22,280,0,11,87,0,1,0,0,1,0.6321429,11.0625,17.5
https://vk.com/id9564,0,1,1,0,297,61,17,584,0,4,31,1,1,1,0,1,0.5085616,4.8688525,9.5737705
https://vk.com/id9567,1,1,0,0,281,435,49,423,2,52,132,0,1,0,0,0,0.6643026,0.645977,0.9724138
https://vk.com/id9571,1,1,1,1,11508,64,4423,15285,0,2,32,0,1,0,0,1,0.752895,179.8125,238.828125
https://vk.com/id9583,0,1,0,0,49,13,115,4953,1,59,0,1668,1,1,0,0,0.009893,3.7692308,381.0
https://vk.com/id9585,1,1,0,0,632,61,38,301,0,19,0,1,1,1,0,0,2.0996678,10.3606557,4.9344262
https://vk.com/id9620,1,1,0,0,255,1,41,571,0,37,1308,1,1,0,0,0,0.4465849,255.0,571.0
https://vk.com/id9636,1,1,1,1,1492,320,149,1247,2,76,306,1,1,1,1,1,1.1964715,4.6625,3.896875
https://vk.com/id9700,1,1,0,0,359,684,31,500,17,50,1556,0,1,0,0,0,0.718,0.5248538,0.7309942
https://vk.com/id9713,1,1,0,1,457,241,28,499,3,77,101,0,1,0,0,0,0.9158317,1.8962656,2.0705394
https://vk.com/id9734,1,1,0,0,184,403,260,1125,7,94,0,0,1,0,0,0,0.1635556,0.4565757,2.7915633
https://vk.com/id9739,1,1,0,1,834,503,28,68,22,171,279,1,1,1,0,0,12.2647059,1.6580517,0.1351889
https://vk.com/id9806,1,1,0,1,194,1,412,1162,0,4,0,1,1,1,0,0,0.1669535,194.0,1162.0
https://vk.com/id9850,1,1,0,1,995150,111,231,469,0,90,0,0,1,0,0,0,2121.8550107,8965.3153153,4.2252252
https://vk.com/id9941,1,1,1,1,253,185,66,676,1,286,860,0,1,0,0,1,0.3742604,1.3675676,3.6540541
https://vk.com/id10069,1,1,0,1,628,542,106,1041,2,194,568,0,1,0,0,0,0.6032661,1.1586716,1.9206642
https://vk.com/id10186,1,1,0,0,228,47,38,988,1,137,0,0,1,0,0,0,0.2307692,4.8510638,21.0212766
https://vk.com/id10205,1,1,0,0,228,42,14,2952,0,150,718,401,1,1,0,0,0.0772358,5.4285714,70.2857143
https://vk.com/id10287,1,1,0,0,249,1,11,250,0,433,0,0,1,0,0,0,0.996,249.0,250.0
https://vk.com/id10365,1,1,1,0,68150,2494,114,843,23,94,626,0,1,0,1,1,80.8422301,27.3255814,0.3380112
https://vk.com/id10437,1,1,0,0,2747,252,130,1251,5,207,0,1,1,0,0,0,2.1958433,10.9007937,4.9642857
https://vk.com/id10606,1,1,0,0,61,254,2224,37818,1,9,143,22,1,0,0,0,0.001613,0.2401575,148.8897638
https://vk.com/id10646,1,1,0,0,398,33,10,170,0,18,170,0,1,0,0,0,2.3411765,12.0606061,5.1515152
https://vk.com/id10671,1,1,0,0,446,1562,2064,1898,12,1248,0,1079,1,1,0,0,0.2349842,0.2855314,1.2151088
https://vk.com/id10678,1,1,0,1,233,19,18,154,2,34,0,0,1,0,0,0,1.512987,12.2631579,8.1052632
https://vk.com/id10741,1,1,1,1,355,135,238,1100,3,6,111,0,1,1,0,1,0.3227273,2.6296296,8.1481481
https://vk.com/id10811,1,1,0,0,115076,142,31,387,4,1538,0,0,1,1,0,0,297.3540052,810.3943662,2.7253521
https://vk.com/id10825,1,1,0,0,485,8,31,727,0,58,479,4,1,1,0,0,0.6671252,60.625,90.875
https://vk.com/id10917,1,1,0,0,433,297,49,2020,2,209,1886,0,1,1,0,0,0.2143564,1.4579125,6.8013468
https://vk.com/id11014,1,1,0,0,135,44,76,2313,3,7,0,0,1,0,0,0,0.0583658,3.0681818,52.5681818
https://vk.com/id11081,1,1,0,0,457,146,90,1435,2,972,0,0,1,0,0,0,0.3184669,3.130137,9.8287671
https://vk.com/id11134,1,1,0,1,361,37,24,1852,0,31,0,1,1,0,0,0,0.1949244,9.7567568,50.0540541
https://vk.com/id11303,1,1,0,0,186,21,210,17621,3,240,0,1,1,0,0,0,0.0105556,8.8571429,839.0952381
https://vk.com/id11305,1,1,0,1,47150,48,60,484,1,32,119,0,1,0,0,0,97.4173554,982.2916667,10.0833333
https://vk.com/id11316,1,1,1,0,6363,21,1584,70454,1,4,3,0,1,1,0,0,0.0903142,303.0,3354.952381
https://vk.com/id11414,1,1,0,0,842,973,310,3756,7,739,1320,0,1,0,0,0,0.2241747,0.8653649,3.8602261
https://vk.com/id11572,1,1,0,0,169,5,15,306,1,0,0,0,1,0,0,0,0.5522876,33.8,61.2
https://vk.com/id11717,1,1,0,0,255,172,193,646,0,235,0,0,1,0,0,0,0.3947368,1.4825581,3.755814
https://vk.com/id11728,1,1,0,0,267,13,8,195,1,171,0,0,1,0,0,0,1.3692308,20.5384615,15.0
https://vk.com/id11840,1,1,0,0,156,102,18,21,2,9,23,0,1,0,0,0,7.4285714,1.5294118,0.2058824
https://vk.com/id11979,1,0,0,0,11506,57,60,3273,1,237,0,0,1,0,0,0,3.5154293,201.8596491,57.4210526
https://vk.com/id12120,1,0,0,0,187,115,131,2114,0,523,0,0,1,0,0,0,0.0884579,1.626087,18.3826087
https://vk.com/id12131,1,1,0,0,44150,100,30,764,0,63,0,1,1,0,0,0,57.7879581,441.5,7.64
https://vk.com/id12285,1,1,0,0,41503,62,22,446,0,34,30,0,1,1,0,0,93.0560538,669.4032258,7.1935484
https://vk.com/id12332,1,1,1,1,389,333,763,5374,0,265,1667,0,1,0,0,1,0.0723856,1.1681682,16.1381381
https://vk.com/id12395,1,1,0,1,166,10681,169,5834,21,293,915,0,1,0,0,0,0.0284539,0.0155416,0.5462035
https://vk.com/id12432,1,1,0,0,23150,36,108,521,0,50,0,0,1,0,0,0,44.4337812,643.0555556,14.4722222
https://vk.com/id12452,1,1,1,0,464,34,27,672,0,13,1313,3,1,0,0,1,0.6904762,13.6470588,19.7647059
https://vk.com/id12631,1,0,0,1,150,11,4051,23108,1,6,0,4,1,0,0,0,0.0064913,13.6363636,2100.7272727
https://vk.com/id12748,1,1,1,0,478,9,3183,20194,1,0,0,952,1,1,1,0,0.0236704,53.1111111,2243.7777778
https://vk.com/id12811,1,1,0,0,425,8,39,423,0,1,0,1,1,0,0,0,1.0047281,53.125,52.875
https://vk.com/id12869,1,1,0,0,388,11,27,365,0,1,0,2,1,1,0,0,1.0630137,35.2727273,33.1818182
https://vk.com/id12877,1,1,0,0,97,541,42,1029,8,226,0,0,1,1,0,0,0.0942663,0.1792976,1.9020333
https://vk.com/id12919,1,1,0,0,115075,633,102,575,0,256,1425,1,1,0,0,0,200.1304348,181.793049,0.9083728
https://vk.com/id12939,1,1,0,0,155,127,20,361,1,315,0,0,1,1,0,0,0.4293629,1.2204724,2.8425197
https://vk.com/id12957,1,1,0,0,72150,5,72,674,0,3,650,0,1,0,0,0,107.0474777,14430.0,134.8
https://vk.com/id12982,1,1,0,1,922,149,76,860,9,57,131,16,1,1,0,0,1.072093,6.1879195,5.7718121
https://vk.com/id12983,1,1,1,0,346,443,101,2161,5,382,1262,0,1,1,0,1,0.1601111,0.7810384,4.8781038
https://vk.com/id13004,1,1,0,0,11504,8,80,804,0,254,823,1,1,1,0,0,14.3084577,1438.0,100.5
https://vk.com/id13046,1,1,0,0,874,536,102,1998,9,128,855,0,1,1,0,0,0.4374374,1.630597,3.7276119
https://vk.com/id13126,1,0,1,0,338,34,1126,2410,1,5,3,20,1,0,0,1,0.140249,9.9411765,70.8823529
https://vk.com/id13137,1,1,0,0,364,73,116,1092,0,122,835,0,1,1,0,0,0.3333333,4.9863014,14.9589041
https://vk.com/id13152,1,1,0,0,239,153,230,2081,0,95,713,0,1,0,0,0,0.1148486,1.5620915,13.6013072
https://vk.com/id13362,1,1,1,1,288,112,54,344,0,59,0,0,1,1,1,1,0.8372093,2.5714286,3.0714286
https://vk.com/id13376,1,1,0,0,14150,20,36,652,1,19,0,1,1,1,0,0,21.702454,707.5,32.6
https://vk.com/id13385,1,1,0,1,2361,153,35,1868,0,77,866,1,1,0,0,0,1.2639186,15.4313725,12.2091503
https://vk.com/id13426,1,1,0,0,238,493,252,1370,2,2065,2007,0,1,0,0,0,0.1737226,0.4827586,2.7789047
https://vk.com/id13493,1,1,1,0,65,56,79,262,1,6,0,0,1,1,0,1,0.2480916,1.1607143,4.6785714
https://vk.com/id13584,1,1,0,1,48150,595,155,611,7,30,0,0,1,1,0,0,78.8052373,80.9243697,1.0268908
https://vk.com/id13663,1,1,1,0,21505,3,107,1930,1,75,248,0,1,0,1,1,11.142487,7168.3333333,643.3333333
https://vk.com/id13696,1,1,0,0,147,237,55,541,2,1,0,1,1,0,0,0,0.271719,0.6202532,2.2827004
https://vk.com/id13732,1,1,0,0,413,42,23,502,0,46,0,0,1,1,0,0,0.8227092,9.8333333,11.952381
https://vk.com/id13786,1,1,0,0,187,30,87,535,1,30,0,0,1,0,0,0,0.3495327,6.2333333,17.8333333
https://vk.com/id13817,1,1,0,0,291,115,21,201,0,56,0,0,1,1,0,0,1.4477612,2.5304348,1.7478261
https://vk.com/id13860,1,1,0,0,357,154,55,419,2,174,0,0,1,0,0,0,0.8520286,2.3181818,2.7207792
https://vk.com/id13977,1,1,1,0,8656,2973,830,5289,1,36,182,0,1,1,0,1,1.6366043,2.9115372,1.7790111
https://vk.com/id13979,1,1,0,1,131,303,8,119,5,0,87,6,1,1,0,0,1.1008403,0.4323432,0.3927393
https://vk.com/id14168,1,1,0,0,343,23,35,358,0,0,0,2,1,0,0,0,0.9581006,14.9130435,15.5652174
https://vk.com/id14195,1,1,0,0,41506,190618,283,1747,196,4459,0,0,1,0,0,0,23.758443,0.2177444,0.0091649
https://vk.com/id14211,1,1,0,0,217,3,5,54,1,2,0,93,1,0,0,0,4.0185185,72.3333333,18.0
https://vk.com/id14255,1,1,0,1,566,676,79,598,26,50,0,1,1,0,0,0,0.9464883,0.8372781,0.8846154
https://vk.com/id14536,1,1,0,1,996,426,58,1034,4,89,0,5,1,1,0,0,0.9632495,2.3380282,2.42723
https://vk.com/id14574,1,1,0,1,112,75,52,735,1,216,1309,5,1,0,0,0,0.152381,1.4933333,9.8
https://vk.com/id14605,1,1,1,0,783,1654,58,956,22,52,888,0,1,1,1,1,0.8190377,0.4733978,0.5779927
https://vk.com/id14615,1,1,0,1,798,1042,68,1604,2,0,0,0,1,1,0,0,0.4975062,0.7658349,1.5393474
https://vk.com/id14666,1,0,1,0,172,49,1787,2365,2,0,0,0,1,0,0,1,0.0727273,3.5102041,48.2653061
https://vk.com/id14740,1,1,0,0,47,1,54,218,0,1,81,2,1,0,0,0,0.2155963,47.0,218.0
https://vk.com/id14754,1,1,1,0,167,130,34,668,4,98,0,1,1,0,1,1,0.25,1.2846154,5.1384615
https://vk.com/id14901,1,1,0,1,463,40,415,5076,2,96,955,0,1,0,0,0,0.0912136,11.575,126.9
https://vk.com/id14904,1,0,0,0,124,1391,10,28,10,96,0,1,1,0,0,0,4.4285714,0.0891445,0.0201294
https://vk.com/id14918,1,0,0,0,352,76,12,313,0,210,0,5,1,0,0,0,1.1246006,4.6315789,4.1184211
https://vk.com/id15024,1,0,0,0,428,75,7,729,3,15,0,1,1,0,0,0,0.5871056,5.7066667,9.72
